feature,importance
SHAA,0.14013245028117746
HODESH_TEUNA,0.09920811097474846
SUG_TEUNA,0.08345678095373643
YOM_BASHAVUA,0.07876488048967838
ROAD_STRUCTURE,0.0703355474496395
EZOR_TIVI,0.06207156435787164
ROHAV,0.050949243201988716
NAFA,0.04406951664518051
ZURAT_ISHUV,0.032960223564949216
MEHIRUT_MUTERET,0.03280374755040916
TEURA,0.03144155587967629
MAHOZ,0.031040309494305512
SUG_DEREH,0.03042459594665701
SIMUN_TIMRUR,0.026876870523878722
MEKOM_HAZIYA,0.025113209354036332
